"PRV_TIMESTAMP_FLD","ABREV_FLD","TEXTO_FLD","EXTRA_FLD"
"2024-05-23T09:10:17","PSA","Se aisló Pseudomonas aeruginosa",
"2024-11-20T09:39:18","ENTC","Enteroccocus faecalis.",
"2025-02-27T08:52:25","CONT"," Crecimiento mixto de flora bacteriana sin predominio de un microorganismo específico (posible contaminación).",
"2015-06-15T12:15:45","gr1","Se obtuvo desarrollo de
menos de 10.000 UFC/ml",
"2015-06-15T12:15:51","uf+","Se observo desarrollo de mas de 150 000 UFC por ml
",
"2015-06-15T12:15:51","col","Colistina: ver nota fenotípica",
"2015-06-15T12:15:51","stha","Staphylococcus aureus (fenotipo)",
"2015-06-15T12:15:51","KLEBBLEE","Klebsiella spp. con fenotipo BLEE",
