ID foto,Producto (etiqueta),Fabricante / marca,REF comercial,Lote,Vencimiento (etiqueta),Conservación (etiqueta),Contenido / presentación,Clase,Estado revisión,Observaciones y dudas,Imagen original,Imagen ZIP renombrado
1,Creatinina cinética AA líquida,Wiener lab.,1260360,2605685180,2027-10,<25 °C,A 2 x 100 mL; B 2 x 25 mL; S 1 x 30 mL,Reactivo,TRANSCRITO / VALIDAR,ANMAT PM 1102-14,WhatsApp Image 2026-09-23 at 16.18.20.jpeg,Creatinina_cinetica_AA_Wiener.jpeg
6,EC cartridge M,Erba,REG00056,2602001,2027-08,-4 a 30 °C,,Consumible equipo,TRANSCRITO / VALIDAR,Comprobar REF/lote/vencimiento en etiqueta,WhatsApp Image 2026-09-23 at 16.18.22 (1).jpeg,Erba_EC_cartridge_M.jpeg
8,TW AA,Wiener lab.,1979002,2510661780,2027-10,<25 °C,2 x 5 mL,Reactivo,TRANSCRITO / VALIDAR,ANMAT PM 1102-37,WhatsApp Image 2026-09-23 at 16.18.26 (1).jpeg,TW_AA_Wiener.jpeg
9,Solución de limpieza,Wiener lab.,,,,,,Solución limpieza,REVISAR,Envase parcialmente legible; REF/lote pendientes,WhatsApp Image 2026-09-23 at 16.18.26.jpeg,Solucion_limpieza_Wiener.jpeg
10,Hemo-Brit pediátrico aeróbico,,,,,,100 botellas,Medio de cultivo,REVISAR,Código CFP-03; fecha de producción y lote requieren revisión,WhatsApp Image 2026-09-23 at 16.18.27 (1).jpeg,Hemo_Brit_pediatrico_aerobico.jpeg
11,One Step Hemoglobina Rapid Quantitative Test,Finecare,W215,,2027-08-01,,,Test rápido,REVISAR,Sobre individual; REF y vencimiento requieren confirmación visual,WhatsApp Image 2026-09-23 at 16.18.27 (2).jpeg,Finecare_One_Step_Hb_Rapid_Quantitative_Test.jpeg
12,cTnI/CK-MB/Myo Rapid Quantitative Test,Finecare,,,,,,Test rápido,REVISAR,Panel de tres analitos; REF/lote/vencimiento no legibles,WhatsApp Image 2026-09-23 at 16.18.27 (3).jpeg,Finecare_Troponina_CKMB_Mioglobina.jpeg
13,CMD 80 Detergent,Wiener lab.,1009676,2501627660,2027-01,2 a 30 °C,1 x 2 L,Solución limpieza,TRANSCRITO / VALIDAR,Etiqueta: hidróxido de potasio 5 %; buffer citrato; ANMAT PM 1102-95,WhatsApp Image 2026-09-23 at 16.18.27.jpeg,CMD_80_detergente_Wiener.jpeg
14,D-Dimer Rapid Quantitative Test,Finecare,,,,,,Test rápido,REVISAR,REF/lote/vencimiento no legibles,WhatsApp Image 2026-09-23 at 16.18.28 (1).jpeg,Finecare_D_dimero.jpeg
15,HbA1c Rapid Quantitative Test,Finecare,,,,,,Test rápido,REVISAR,REF dudosa W207?; REF parcialmente legible; no importar el código sin comprobar,WhatsApp Image 2026-09-23 at 16.18.28.jpeg,Finecare_HbA1c.jpeg
16,STROMATOLYSER-WH,Sysmex,SWH-200A,,2027-01-28,,500 mL x 3,Reactivo hematología,TRANSCRITO / VALIDAR,El número de lote no se puede leer con seguridad,WhatsApp Image 2026-09-23 at 16.18.29 (1).jpeg,Sysmex_Stromatolyser_WH.jpeg
17,CELLPACK,Sysmex,PK-30L,,,,20 L x 1,Reactivo hematología,TRANSCRITO / VALIDAR,Diferenciar REF PK-30L de código GTIN,WhatsApp Image 2026-09-23 at 16.18.29 (2).jpeg,Sysmex_Cellpack.jpeg
18,NT-proBNP Rapid Quantitative Test,Finecare,,,,,,Test rápido,REVISAR,REF/lote/vencimiento no legibles,WhatsApp Image 2026-09-23 at 16.18.29.jpeg,Finecare_NT_proBNP.jpeg
19,CP50 Calibrant Fluid Pack,Erba,6944413802599,260083P5F,2027-03-10,2 a 8 °C,50 unidades indicadas,Calibrador,TRANSCRITO / VALIDAR,Después de instalación: 60 días a 10-25 °C; verificar formato y REF,WhatsApp Image 2026-09-23 at 16.19.28.jpeg,Erba_CP50_calibrant_fluid_pack.jpeg
20,APTT Test elágico,Wiener lab.,1705004,,,2 a 10 °C,"A 6 x 2,5 mL; B 1 x 15 mL",Reactivo coagulación,TRANSCRITO / VALIDAR,150 determinaciones indicado; lote/vencimiento no visibles,WhatsApp Image 2026-09-23 at 16.19.29 (1).jpeg,APTT_Test_elagico_Wiener.jpeg
21,EIGHTCHECK 3WP X-TRA,Sysmex,140-3004-0,,2025-07-23,,"L 4 x 2,0 mL; N 4 x 2,0 mL; H 4 x 2,0 mL",Control hematología,VENCIDO / REVISAR,VENCIDO según etiqueta; no dar de alta como lote utilizable,WhatsApp Image 2026-09-23 at 16.19.29.jpeg,Sysmex_Eightcheck_3WP_TRA.jpeg
22,ASO látex,Wiener lab.,1073151,2411616900,2026-03,2 a 10 °C,"A 1 x 2,5 mL; controles 1 x 0,5 mL",Reactivo,VENCIDO / REVISAR,VENCIDO según etiqueta; confirmar lote,WhatsApp Image 2026-09-23 at 16.19.30 (1).jpeg,ASO_latex_Wiener.jpeg
23,Thromborel S,Siemens Healthineers,10446442,576579,2028-03-09,,,Reactivo coagulación,TRANSCRITO / VALIDAR,Código adicional visible 11641512; comprobar presentación,WhatsApp Image 2026-09-23 at 16.19.30.jpeg,Thromborel_S_Siemens.jpeg
24,Anti-D (Rho) monoclonal,Wiener lab.,1443155,2501627580,2027-01,2 a 10 °C,1 x 10 mL,Reactivo inmunohematología,REVISAR,La presentación exacta requiere confirmar,WhatsApp Image 2026-09-23 at 16.19.31 (1).jpeg,Anti_D_Rho_monoclonal_Wiener.jpeg
25,Anti-A monoclonal,Wiener lab.,1443152,2412621570,2026-12,2 a 10 °C,1 x 10 mL,Reactivo inmunohematología,TRANSCRITO / VALIDAR,,WhatsApp Image 2026-09-23 at 16.19.31.jpeg,Anti_A_monoclonal_Wiener.jpeg
26,Anti-B monoclonal,Wiener lab.,1443154,2411618190,2026-11,2 a 10 °C,1 x 10 mL,Reactivo inmunohematología,TRANSCRITO / VALIDAR,,WhatsApp Image 2026-09-23 at 16.19.32 (1).jpeg,Anti_B_monoclonal_Wiener.jpeg
27,V.D.R.L. test,Wiener lab.,1853151,,,2 a 10 °C,"A 1 x 5,5 mL",Reactivo serología,TRANSCRITO / VALIDAR,250 determinaciones indicado,WhatsApp Image 2026-09-23 at 16.19.32.jpeg,VDRL_test_Wiener.jpeg
28,ERBA NORM 4x5,Erba,BLT00080,,,2 a 8 °C,4 x 5 mL,Control,TRANSCRITO / VALIDAR,Lote/vencimiento ilegibles,WhatsApp Image 2026-09-23 at 16.19.33 (1).jpeg,Erba_Norm_4x5.jpeg
29,BG10,Edan,69444138,2512374GAFR,2027-02-24,2 a 8 °C,,Consumible equipo,REVISAR,"Cartucho de gases/electrolitos: pH, pCO2, pO2, Na, K, Ca, Cl, Glu, Lac; REF exacta a confirmar",WhatsApp Image 2026-09-23 at 16.19.33 (2).jpeg,Erba_BG10_calibration_gas.jpeg
30,ERBA PATH 4x5,Erba,BLT00081,,,2 a 8 °C,4 x 5 mL,Control,TRANSCRITO / VALIDAR,Lote/vencimiento ilegibles,WhatsApp Image 2026-09-23 at 16.19.33.jpeg,Erba_Path_4x5.jpeg
31,VIDAS T3,bioMérieux,30403,1011553200,2027-03-09,2 a 8 °C,,Kit inmunoensayo,REVISAR,REF/lote/vencimiento requieren cotejo visual,WhatsApp Image 2026-09-23 at 16.19.34 (1).jpeg,VIDAS_T3.jpeg
32,VIDAS T4,bioMérieux,30404,1011550260,2027-02-28,2 a 8 °C,STR 60; SPR 2 x 30,Kit inmunoensayo,TRANSCRITO / VALIDAR,Contenido parcial,WhatsApp Image 2026-09-23 at 16.19.34 (2).jpeg,VIDAS_T4.jpeg
33,VIDAS TSH,bioMérieux,30400,1011850540,2027-02-18,2 a 8 °C,STR 60; SPR 2 x 30,Kit inmunoensayo,TRANSCRITO / VALIDAR,Contenido parcial,WhatsApp Image 2026-09-23 at 16.19.34.jpeg,VIDAS_TSH.jpeg
34,VIDAS TPSA,bioMérieux,30428,1011718960,2026-11-19,2 a 8 °C,STR 60; SPR 2 x 30,Kit inmunoensayo,TRANSCRITO / VALIDAR,Antígeno prostático total; contenido parcial,WhatsApp Image 2026-09-23 at 16.19.35 (1).jpeg,VIDAS_TPSA.jpeg
35,VIDAS FT4,bioMérieux,30459,1011810760,2027-02-02,2 a 8 °C,,Kit inmunoensayo,REVISAR,Lote requiere cotejo visual,WhatsApp Image 2026-09-23 at 16.19.35.jpeg,VIDAS_FT4.jpeg
36,VIDAS High sensitive Troponin I,bioMérieux,415386,1011783200,2027-04-22,2 a 8 °C,STR 60; SPR 2 x 30,Kit inmunoensayo,TRANSCRITO / VALIDAR,Troponina I de alta sensibilidad; contenido parcial,WhatsApp Image 2026-09-23 at 16.19.36 (1).jpeg,VIDAS_high_sensitive_Troponin_I.jpeg
37,VIDAS Ferritin,bioMérieux,30411,1011641190,2026-12-22,2 a 8 °C,STR 60; SPR 2 x 30,Kit inmunoensayo,TRANSCRITO / VALIDAR,Contenido parcial,WhatsApp Image 2026-09-23 at 16.19.36.jpeg,VIDAS_Ferritin.jpeg
38,Colestat enzimático AA líquida,Wiener lab.,1008157,LDK1027100,2027-10,2 a 10 °C,A 6 x 55 mL,Reactivo,TRANSCRITO / VALIDAR,,WhatsApp Image 2026-09-23 at 16.19.37 (1).jpeg,Colestat_enzimatico_AA_Wiener.jpeg
39,Ca-Color Arsenazo III AA,Wiener lab.,1008162,LDK0627100,2027-10,2 a 10 °C,A 2 x 55 mL,Reactivo,TRANSCRITO / VALIDAR,PM-1102-4209,WhatsApp Image 2026-09-23 at 16.19.37 (2).jpeg,Calcio_color_Arsenazo_III_AA_Wiener.jpeg
40,Proti U/LCR,Wiener lab.,1690007,2506614900,2027-02,2 a 10 °C,A 1 x 100 mL; S 1 x 4 mL,Reactivo,REVISAR,ANMAT PM 1102-1128; lote/vencimiento cotejar,WhatsApp Image 2026-09-23 at 16.19.37.jpeg,Proti_U_LCR_Wiener.jpeg
41,LDH-P UV AA líquida,Wiener lab.,1008114,LDK2727020,2027-02,2 a 10 °C,A 2 x 36 mL; B 2 x 9 mL,Reactivo,TRANSCRITO / VALIDAR,ANMAT PM 1102-207,WhatsApp Image 2026-09-23 at 16.19.38.jpeg,LDH_P_UV_AA_Wiener.jpeg
42,γ-GT test cinética AA líquida,Wiener lab.,1008113,LDK1727060,2027-06,2 a 10 °C,A 2 x 36 mL; B 2 x 9 mL,Reactivo,REVISAR,ANMAT PM 1102-19; lote/vencimiento cotejar,WhatsApp Image 2026-09-23 at 16.19.39 (1).jpeg,Gamma_GT_cinetica_AA_Wiener.jpeg
43,Albúmina AA,Wiener lab.,1008156,LDK0129030,2029-03,2 a 25 °C,A 3 x 40 mL,Reactivo,TRANSCRITO / VALIDAR,,WhatsApp Image 2026-09-23 at 16.19.39.jpeg,Albumina_AA_Wiener.jpeg
44,Uricostat enzimático AA líquida,Wiener lab.,1008109,3626080,2026-08,2 a 10 °C,A 4 x 36 mL; B 2 x 9 mL,Reactivo,VENCIDO / REVISAR,VENCIDO según etiqueta; lote cotejar,WhatsApp Image 2026-09-23 at 16.19.40.jpeg,Uricostat_enzimatico_AA_Wiener.jpeg
45,Proti U/LCR,Wiener lab.,1690007,2506645020,2026-11,2 a 10 °C,A 1 x 100 mL; S 1 x 4 mL,Reactivo,TRANSCRITO / VALIDAR,"ANMAT PM 1102-1128; mismo REF que foto 40, distinto lote",WhatsApp Image 2026-09-23 at 16.19.41 (1).jpeg,Proti_U_LCR_Wiener_02.jpeg
46,Fer-color AA líquida,Wiener lab.,1008122,LDK1327080,2027-08,2 a 10 °C,A 2 x 35 mL; B 3 x 7 mL,Reactivo,TRANSCRITO / VALIDAR,ANMAT PM 1102-27,WhatsApp Image 2026-09-23 at 16.19.41.jpeg,Fer_color_AA_Wiener.jpeg
47,Urea UV cinética AA líquida,Wiener lab.,1008108,LDK3527110,2027-11,2 a 10 °C,A 4 x 36 mL; B 4 x 9 mL,Reactivo,TRANSCRITO / VALIDAR,ANMAT PM 1102-156,WhatsApp Image 2026-09-23 at 16.19.42 (1).jpeg,Urea_UV_cinetica_AA_Wiener.jpeg
48,HDL Cholesterol fast,Wiener lab.,1008102,LDK2328010,2028-01,2 a 10 °C,A 3 x 30 mL; B 3 x 10 mL,Reactivo,REVISAR,Contenido cotejar,WhatsApp Image 2026-09-23 at 16.19.42.jpeg,HDL_Cholesterol_fast_Wiener.jpeg
49,Urea UV cinética AA líquida,Wiener lab.,1008108,LDK3527080,2027-08,2 a 10 °C,A 4 x 36 mL; B 4 x 9 mL,Reactivo,TRANSCRITO / VALIDAR,"Mismo REF que foto 47, distinto lote",WhatsApp Image 2026-09-23 at 16.19.43.jpeg,Urea_UV_cinetica_AA_Wiener_02.jpeg
50,ALP 405 AA líquida,Wiener lab.,1008110,LDK0227080,2027-08,2 a 10 °C,A 2 x 36 mL; B 2 x 9 mL,Reactivo,TRANSCRITO / VALIDAR,,WhatsApp Image 2026-09-23 at 16.19.44 (1).jpeg,ALP_405_AA_Wiener.jpeg
51,Bilirrubina Directa AA líquida,Wiener lab.,1008116,LDK0427090,2027-09,2 a 10 °C,A 4 x 35 mL; B 2 x 7 mL,Reactivo,REVISAR,Contenido cotejar,WhatsApp Image 2026-09-23 at 16.19.44 (2).jpeg,Bilirrubina_directa_AA_Wiener.jpeg
52,CK-NAC UV AA líquida,Wiener lab.,1008119,LDK0927070,2027-07,2 a 10 °C,A 4 x 35 mL; B 4 x 7 mL,Reactivo,TRANSCRITO / VALIDAR,,WhatsApp Image 2026-09-23 at 16.19.44.jpeg,CK_NAC_UV_AA_Wiener.jpeg
53,GPT (ALT) UV AA líquida,Wiener lab.,1008112,LDK2127120,2027-12,2 a 10 °C,A 4 x 36 mL; B 4 x 9 mL,Reactivo,TRANSCRITO / VALIDAR,ANMAT PM 1102-203,WhatsApp Image 2026-09-23 at 16.19.45 (1).jpeg,GPT_ALT_UV_AA_Wiener.jpeg
54,Bilirrubina Total AA líquida,Wiener lab.,1008115,LDK0527100,2027-10,2 a 10 °C,A 4 x 35 mL; B 4 x 7 mL,Reactivo,REVISAR,Contenido cotejar,WhatsApp Image 2026-09-23 at 16.19.45.jpeg,Bilirrubina_total_AA_Wiener.jpeg
55,CRP hs Turbitest AA,Wiener lab.,1008100,LDK5827091,2027-09,2 a 10 °C,A 1 x 22 mL; B 1 x 22 mL,Reactivo,TRANSCRITO / VALIDAR,ANMAT PM 1102-136,WhatsApp Image 2026-09-23 at 16.19.46 (1).jpeg,CRP_hs_Turbtest_AA_Wiener.jpeg
56,UIBC/TIBC AA líquida,Wiener lab.,1492361,2508655580,2027-01,2 a 10 °C,A 1 x 50 mL; B 1 x 10 mL; S 1 x 5 mL,Reactivo,REVISAR,ANMAT PM 1102-28; contenido cotejar,WhatsApp Image 2026-09-23 at 16.19.46 (2).jpeg,UIBC_TIBC_AA_Wiener.jpeg
57,GOT (AST) UV AA líquida,Wiener lab.,1008111,LDK2027071,2027-07,2 a 10 °C,A 4 x 36 mL; B 4 x 9 mL,Reactivo,TRANSCRITO / VALIDAR,ANMAT PM 1102-202,WhatsApp Image 2026-09-23 at 16.19.46.jpeg,GOT_AST_UV_AA_Wiener.jpeg
58,TG Color GPO/PAP AA líquida,Wiener lab.,1008160,LDK3327110,2027-11,2 a 10 °C,A 6 x 55 mL,Reactivo,TRANSCRITO / VALIDAR,ANMAT PM 1102-155,WhatsApp Image 2026-09-23 at 16.19.47 (1).jpeg,TG_Color_GPO_PAP_AA_Wiener.jpeg
59,UIBC/TIBC AA líquida,Wiener lab.,1492361,2512667690,2027-04,2 a 10 °C,A 1 x 50 mL; B 1 x 10 mL; S 1 x 5 mL,Reactivo,REVISAR,"Mismo REF que foto 56, distinto lote; contenido cotejar",WhatsApp Image 2026-09-23 at 16.19.47.jpeg,UIBC_TIBC_AA_Wiener_02.jpeg
60,Glicemia enzimática AA líquida,Wiener lab.,1008158,LDK1827070,2027-07,2 a 10 °C,A 6 x 55 mL,Reactivo,TRANSCRITO / VALIDAR,ANMAT PM 1102-153,WhatsApp Image 2026-09-23 at 16.19.48 (1).jpeg,Glicemia_enzimatica_AA_Wiener.jpeg
61,Mg-color AA,Wiener lab.,1580001,2602677040,2027-08,<25 °C,A 2 x 50 mL; S 1 x 4 mL,Reactivo,TRANSCRITO / VALIDAR,ANMAT PM 1102-209,WhatsApp Image 2026-09-23 at 16.19.48.jpeg,Mg_color_AA_Wiener.jpeg
